<?xml version="1.0" encoding="utf-8"?>
<!-- [START_EXCLUDE] -->
<!--
  Copyright 2015 Google Inc. All Rights Reserved.
  Licensed under the Apache License, Version 2.0 (the "License");
  you may not use this file except in compliance with the License.
  You may obtain a copy of the License at
        http://www.apache.org/licenses/LICENSE-2.0
  Unless required by applicable law or agreed to in writing, software
  distributed under the License is distributed on an "AS IS" BASIS,
  WITHOUT WARRANTIES OR CONDITIONS OF ANY KIND, either express or implied.
  See the License for the specific language governing permissions and
  limitations under the License.
-->
<!-- [END_EXCLUDE] -->
<appengine-web-app xmlns="http://appengine.google.com/ns/1.0">
  <application>YOUR-PROJECT-ID</application>
  <version>YOUR-VERSION-ID</version>
  <threadsafe>true</threadsafe>
// [START env_variables]
  <env-variables>
    <env-var name="MAILJET_API_KEY" value="YOUR-MAILJET-API-KEY" />
    <env-var name="MAILJET_SECRET_KEY" value="YOUR-MAILJET-SECRET-KEY" />
  </env-variables>
// [END env_variables]
</appengine-web-app>
