<?xml version="1.0" encoding="utf-8"?>
<!-- [START_EXCLUDE] -->
<!--
  Copyright 2016 Google Inc. All Rights Reserved.
  Licensed under the Apache License, Version 2.0 (the "License");
  you may not use this file except in compliance with the License.
  You may obtain a copy of the License at
        http://www.apache.org/licenses/LICENSE-2.0
  Unless required by applicable law or agreed to in writing, software
  distributed under the License is distributed on an "AS IS" BASIS,
  WITHOUT WARRANTIES OR CONDITIONS OF ANY KIND, either express or implied.
  See the License for the specific language governing permissions and
  limitations under the License.
-->
<!-- [END_EXCLUDE] -->
<appengine-web-app xmlns="http://appengine.google.com/ns/1.0">
  <application>YOUR-PROJECT-ID</application>
  <version>YOUR-VERSION-ID</version>
  <threadsafe>true</threadsafe>

  <!-- [START handling_incoming_calls] -->
  <inbound-services>
    <service>xmpp_message</service>
    <service>xmpp_presence</service>
    <service>xmpp_subscribe</service>
    <service>xmpp_error</service>
  </inbound-services>
  <!-- [END handling_incoming_calls] -->

</appengine-web-app>
