<beans xmlns="http://www.springframework.org/schema/beans"
    xmlns:xsi="http://www.w3.org/2001/XMLSchema-instance" 
    xmlns:context="http://www.springframework.org/schema/context"
    xmlns:tx="http://www.springframework.org/schema/tx"
    xmlns:mvc="http://www.springframework.org/schema/mvc"
    xsi:schemaLocation="http://www.springframework.org/schema/beans
	http://www.springframework.org/schema/beans/spring-beans-3.0.xsd
	http://www.springframework.org/schema/context
	http://www.springframework.org/schema/context/spring-context-3.0.xsd
	http://www.springframework.org/schema/tx http://www.springframework.org/schema/tx/spring-tx-3.2.xsd
	http://www.springframework.org/schema/mvc http://www.springframework.org/schema/mvc/spring-mvc-3.2.xsd">
 
 	<!-- It register the beans in context and scan the annotations inside beans and activate them -->
     <context:component-scan base-package="com.howtodoinjava.demo" />
     
    <!-- This allow for dispatching requests to Controllers -->
    <mvc:annotation-driven />
      
    <!-- This helps in mapping the logical view names to directly view files under a certain pre-configured directory -->
    <bean class="org.springframework.web.servlet.view.InternalResourceViewResolver">
        <property name="prefix" value="/WEB-INF/views/" />
        <property name="suffix" value=".jsp" />
    </bean>
      
    <!-- This resolves messages from resource bundles for different locales -->
    <bean id="messageSource" class="org.springframework.context.support.ResourceBundleMessageSource">
        <property name="basename" value="messages" />
    </bean>
     
    <!-- To validate the posted add employee form -->
    <bean id="employeeValidator" class="com.howtodoinjava.demo.validator.EmployeeValidator" />
     
    <!-- This produces a container-managed EntityManagerFactory; 
         rather than application-managed EntityManagerFactory as in case of LocalEntityManagerFactoryBean-->
    <bean id="entityManagerFactoryBean" class="org.springframework.orm.jpa.LocalContainerEntityManagerFactoryBean">
      <property name="dataSource" ref="dataSource" />
      <!-- This makes /META-INF/persistence.xml is no longer necessary -->
      <property name="packagesToScan" value="com.howtodoinjava.demo.model" />
      <!-- JpaVendorAdapter implementation for Hibernate EntityManager.
           Exposes Hibernate's persistence provider and EntityManager extension interface -->
      <property name="jpaVendorAdapter">
         <bean class="org.springframework.orm.jpa.vendor.HibernateJpaVendorAdapter" />
      </property>
      <property name="jpaProperties">
         <props>
            <prop key="hibernate.hbm2ddl.auto">validate</prop>
            <prop key="hibernate.dialect">org.hibernate.dialect.MySQL5Dialect</prop>
         </props>
      </property>
   </bean>
  
  <!-- MySQL Datasource with Commons DBCP connection pooling -->
  <bean class="org.apache.commons.dbcp.BasicDataSource" id="dataSource">
    <property name="driverClassName" value="com.mysql.jdbc.Driver"/>
    <property name="url" value="jdbc:mysql://localhost:3306/lab2_demo"/>
    <property name="username" value="root"/>
    <property name="password" value="password"/>
  </bean>
   
  <!-- EntityManagerFactory -->
  <bean class="org.springframework.orm.jpa.LocalContainerEntityManagerFactoryBean" id="entityManagerFactory">
    <property name="persistenceUnitName" value="persistenceUnit"/>
    <property name="dataSource" ref="dataSource"/>
  </bean>
   
  <!-- Transaction Manager -->
  <bean class="org.springframework.orm.jpa.JpaTransactionManager" id="transactionManager">
    <property name="entityManagerFactory" ref="entityManagerFactory"/>
  </bean>
   <tx:annotation-driven />
   </beans>